[
    {
        "words": {
          "BCP1imagePictureMatchQuizx4.jpg": "option4",
          "BCP1imagePictureMatchQuizx2.jpg": "option2",
          "BCP1imagePictureMatchQuizx3.jpg": "option3",
          "BCP1imagePictureMatchQuizx1.jpg": "option1"
        }
    },
    {
        "words": {
          "BCP1imagePictureMatchQuizx4.jpg": "option4",
          "BCP1imagePictureMatchQuizx2.jpg": "option2",
          "BCP1imagePictureMatchQuizx3.jpg": "option3",
          "BCP1imagePictureMatchQuizx1.jpg": "option1"
        }
    }
]