[
                      {
                        "description": "",
                        "image1": "",
                        "name": "BCP1-Lesson2 (1)",
                        "text1": "তোমাদের আছে",
                        "text2": "You have. (You has হয় না বা your have হয় না, যদিও \"তোমাদের\" কথাটা আছে ।)"
                      },
                      {
                        "description": "",
                        "image1": "",
                        "name": "BCP1-Lesson2 (2)",
                        "text1": "তার  (ছেলে) আছে",
                        "text2": "He has. (His has হবে না, যদিও \"তার\" কথাটা আছে ।)"
                      },
                      {
                        "description": "",
                        "image1": "",
                        "name": "BCP1-Lesson2 (3)",
                        "text1": "তার (মেয়ে) আছে",
                        "text2": "She has. (She have বা her has হবে না, যদিও \"তার\" কথাটা আছে ।)"
                      },
                      {
                        "description": "",
                        "image1": "",
                        "name": "BCP1-Lesson2 (4)",
                        "text1": "তাদের আছে",
                        "text2": "They have. (Them have হয় না ।)"
                      },
                      {
                        "description": "",
                        "image1": "",
                        "name": "BCP1-Lesson2 (5)",
                        "text1": "এটির আছে",
                        "text2": "It has. (Its has হবে না ।)"
                      },
                      {
                        "description": "",
                        "image1": "",
                        "name": "BCP1-Lesson2 (6)",
                        "text1": "এগুলির আছে",
                        "text2": "These have. (Them have বা These has হয় না ।)"
                      },
                      {
                        "description": "",
                        "image1": "",
                        "name": "BCP1-Lesson2 (7)",
                        "text1": "আমি একটি মেয়ে",
                        "text2": "I am a girl. (এর ইংরাজী I one girl বা  I a girl হবে না, কারণ ইংরাজী বাক্যে verb থাকতেই হবে । এক্ষেত্রে বাংলাটা ধরে নিতে হবে - আমি হই একটি মেয়ে, যার ইংরাজী হবে I am a girl । I am one girl-ও হবে না,  a girl ই হবে। নিয়ম অনুযায়ী subject বা noun এর পরেই verb  বসে, তাই I এর পর am  বসেছে ।)"
                      },
                      {
                        "description": "",
                        "image1": "",
                        "name": "BCP1-Lesson2 (8)",
                        "text1": "আমি সীতা",
                        "text2": "I am Sita. (এখানে ইংরাজীতে I Sita  হবে না, ইংরাজী করবার সময় বাংলাটা ধরে নিতে হবে- আমি হই সীতা। তাহলে তার ইংরাজী হবে-  I am Sita. )"
                      },
                      {
                        "description": "",
                        "image1": "",
                        "name": "BCP1-Lesson2 (9)",
                        "text1": "আমি একটি ছেলে",
                        "text2": "I am a boy. (এখানেও I boy বা I one boy হবে না, কারণ verb থাকবেই। তাই হবে - I am a boy.)"
                      },
                      {
                        "description": "",
                        "image1": "",
                        "name": "BCP1-Lesson2 (10)",
                        "text1": "আমি অলোক",
                        "text2": "I am Alok. (আগের মতো এখানেও একই নিয়মে  I am হয়েছে। বাংলাটাকে ঘুরিয়ে নিয়ে 'আমি হই অলোক' করে নিতে হবে ।)"
                      },
                      {
                        "description": "",
                        "image1": "",
                        "name": "BCP1-Lesson2 (11)",
                        "text1": "আমরা মেয়েরা",
                        "text2": "We are girls. (এখানেও ইংরাজীতে We girls হবে না। কারণ আগে যেমন বলা হয়েছে তেমনই বাংলাটা করে নিতে হবে - আমরা হই মেয়েরা। তাহলেই ইংরাজী করা সহজ হবে-  We are girls.)"
                      },
                      {
                        "description": "",
                        "image1": "",
                        "name": "BCP1-Lesson2 (12)",
                        "text1": "নাসিমা আর শামিমা মেয়ে",
                        "text2": "Nasima and Shamima are girls. (একের বেশী হলে is এর জায়গায় are হয়। একই কারণে girl না হয়ে girls হবে ।)"
                      },
                      {
                        "description": "",
                        "image1": "",
                        "name": "BCP1-Lesson2 (13)",
                        "text1": "তুমি একটি ছেলে",
                        "text2": "You are a boy. (এর ইংরাজী You a boy বা You one boy হবে না। এখানেও বাংলাটা করে নিতে হবে - তুমি হও একটি ছেলে। যার ইংরাজী হবে- You are a boy.)"
                      },
                      {
                        "description": "",
                        "image1": "",
                        "name": "BCP1-Lesson2 (14)",
                        "text1": "তুমি জয়ন্ত",
                        "text2": "You are Jayanta. (এইভাবে সাজিয়ে নাও, \"তুমি হও জয়ন্ত\" ।)"
                      },
                      {
                        "description": "",
                        "image1": "",
                        "name": "BCP1-Lesson2 (15)",
                        "text1": "সে একটি পুরুষ",
                        "text2": "He is a man. (এখানে পুরুষ বলতে আমরা Man লিখি - যদিও  Man  মানে মানুষও বোঝানো হয় ।)"
                      },
                      {
                        "description": "",
                        "image1": "",
                        "name": "BCP1-Lesson2 (16)",
                        "text1": "সে সুমিত",
                        "text2": "He is Sumit. (যেহেতু  He-এর পরে is হয়, তাই । আগে সাজিয়ে নাও, সে হয় সুমিত ।)"
                      },
                      {
                        "description": "",
                        "image1": "",
                        "name": "BCP1-Lesson2 (17)",
                        "text1": "সুমিত একজন পুরুষ",
                        "text2": "Sumit is a man. (আগে He is a man হয়েছে, সেরকমই he এর জায়গায় একটা নাম Sumit এল ।)"
                      },
                      {
                        "description": "",
                        "image1": "",
                        "name": "BCP1-Lesson2 (18)",
                        "text1": "সে একজন স্ত্রীলোক/নারী",
                        "text2": "She is a woman. (সে হয় এক নারী, এভাবে সাজাও । নারী বা স্ত্রীলোকের ইংরাজী woman - যার উচ্চারণ -\"উওম্যান\"। She is a man বা he is a woman ভুল ইংরাজী ।)"
                      },
                      {
                        "description": "",
                        "image1": "",
                        "name": "BCP1-Lesson2 (19)",
                        "text1": "সে সালমা",
                        "text2": "She is Salma. (সে হয় সালমা । আগে a woman হয়েছে বলে এখানে a Salma হবে না, তাই শুধু Salma হয়েছে নাম হিসাবে ।)"
                      },
                      {
                        "description": "",
                        "image1": "",
                        "name": "BCP1-Lesson2 (20)",
                        "text1": "সালমা একজন নারী/স্ত্রীলোক",
                        "text2": "Salma is a woman. (এখানেও She-এর জায়গায় নাম হিসাবে  Salma এসেছে ।)"
                      },
                      {
                        "description": "",
                        "image1": "",
                        "name": "BCP1-Lesson2 (21)",
                        "text1": "তারা ছাত্র",
                        "text2": "They are students. (এর ইংরাজী They students হবে না, verb থাকবেই । হবে They are students । একাধিক ছাত্র অর্থে students ব্যাবহার হল । ছাত্রী বললেও students-ই হত ।)"
                      },
                      {
                        "description": "",
                        "image1": "",
                        "name": "BCP1-Lesson2 (22)",
                        "text1": "তারা হলো পার্থ আর সামিম",
                        "text2": "They are Partha and Shamim. (আগে পেয়েছি They are students । এখানে Students-এর জায়গায় দুটো নাম Partha and Shamim ঢুকে গেলো ।)"
                      },
                      {
                        "description": "",
                        "image1": "",
                        "name": "BCP1-Lesson2 (23)",
                        "text1": "পার্থ আর শামিম ছাত্র",
                        "text2": "Partha and Shamim are students. (আগের মতোই They এর জায়গায় Partha and Shamim বসেছে ।)"
                      },
                      {
                        "description": "",
                        "image1": "",
                        "name": "BCP1-Lesson2 (24)",
                        "text1": "এটি একটি পেন",
                        "text2": "It is a pen. (এর ইংরাজী It a pen হবে না। আগের নিয়মগুলো মানলে এর ইংরাজী হবে - It is a pen. একই অর্থে This is a pen বা Here is a pen-ও শুদ্ধ ইংরাজী ।)"
                      },
                      {
                        "description": "",
                        "image1": "",
                        "name": "BCP1-Lesson2 (25)",
                        "text1": "এটি আমার পেন",
                        "text2": "This/It is my pen. (এটি বলতে This বা it দুইই হয়। \"আমার\" বোঝাতে my এর ব্যবহার আমরা আগেও পেয়েছি। Here is my pen বললেও ভুল হবে না । কিন্তু I have a pen এটি আমার পেন-এর ইংরাজী নয় । অর্থ তাতে ঠিক আসছে না ।)"
                      },
                      {
                        "description": "",
                        "image1": "",
                        "name": "BCP1-Lesson2 (26)",
                        "text1": "এটি তোমার পেন",
                        "text2": "This/It is your pen. (তোমার বলতে you বা yours হয় না, হয় your । Here is your pen-ও ঠিক ইংরাজী । Your pen is here বললেও খুব ভুল হবে না ।)"
                      },
                      {
                        "description": "",
                        "image1": "",
                        "name": "BCP1-Lesson2 (27)",
                        "text1": "এগুলো আমাদের পেন",
                        "text2": "These are our pens. (This এর বহুবচন these. These এর পরে are হয় ।)"
                      },
                      {
                        "description": "",
                        "image1": "",
                        "name": "BCP1-Lesson2 (28)",
                        "text1": "ওটি তার পেন",
                        "text2": "That is his/her pen. (তার বলতে his বা her হয় । আগে সাজিয়ে নাও, ওটি হয় তার পেন । There is his/her pen বললেও ঠিক ইংরাজী হবে ।)"
                      },
                      {
                        "description": "",
                        "image1": "",
                        "name": "BCP1-Lesson2 (29)",
                        "text1": "ওগুলো তাদের পেন",
                        "text2": "Those are their pens. (একের বেশী হলে That টা Those হয় (যেমন this টা these হয়েছিল), আর 'তাদের' বোঝাতে their হয়, them বা they-এর ব্যবহার এখানে হলে ভুল হবে ।)"
                      },
                      {
                        "description": "",
                        "image1": "",
                        "name": "BCP1-Lesson2 (30)",
                        "text1": "আমার নাম সীতা",
                        "text2": "My name is Sita. (My name Sita হবে না। কারণ আগে বলা হয়েছে । I am Sita বললেও ঠিক হবে । Sita is my name বললেও মোটামুটি ঠিক ।)"
                      }
]
