[
                     {
                        "description": "",
                        "image1": "",
                        "name": "BCP1-Lesson3 (1)",
                        "text1": "তোমার নাম গীতা",
                        "text2": "Your name is Geeta. (তোমার নাম- এর ইংরাজী Your name. বাকীটা  আমাদের জানা আছে ।)"
                      },
                      {
                        "description": "",
                        "image1": "",
                        "name": "BCP1-Lesson3 (2)",
                        "text1": "আমাদের নাম সীতা ও গীতা",
                        "text2": "Our names are Sita and Gita. (আমাদের নাম বলে Our names , দুটো নাম বলে  is এর জায়গায় are  হলো। Sita and Gita are our names - সেটাও ঠিক । কিন্ত we have names Sita and Gita - সেটা ভুল না হলেও অদ্ভুত ।)"
                      },
                      {
                        "description": "",
                        "image1": "",
                        "name": "BCP1-Lesson3 (3)",
                        "text1": "আমরা বোন হই",
                        "text2": "We are sisters. (এখানেও 'আমরা হই বোনেরা' - এই ভাবে বাংলা করে তার ইংরাজী করতে হবে। দু'জন বা তার বেশীজনের জন্য sisters হয় ।)"
                      },
                      {
                        "description": "",
                        "image1": "",
                        "name": "BCP1-Lesson3 (4)",
                        "text1": "তাদের নাম অসিত, অরুণ ও বরুণ",
                        "text2": "Their names are Asit, Arun and Barun. (তাদের নাম বোঝাতে their names হয়েছে, আর একাধিক নাম বলে is না হয়ে are  হয়েছে। Asit, Arun and Barun are their names-ও ঠিক ।)"
                      },
                      {
                        "description": "",
                        "image1": "",
                        "name": "BCP1-Lesson3 (5)",
                        "text1": "তারা ভাই হয়",
                        "text2": "They are brothers. (এখানে ভায়েরা বলে brothers হয়েছে। They brothers are হবে না, সাজিয়ে নিতে হবে, তারা হয় ভাই । তাই They are brothers হবে ।)"
                      },
                      {
                        "description": "",
                        "image1": "",
                        "name": "BCP1-Lesson3 (6)",
                        "text1": "তার নাম অলোক",
                        "text2": "His name is Alok. (তার নাম বলে his name হয়েছে । Alok is his name-ও ঠিক হবে । He is Alok-ও চলবে ।)"
                      },
                      {
                        "description": "",
                        "image1": "",
                        "name": "BCP1-Lesson3 (7)",
                        "text1": "তার নাম নাসীমা",
                        "text2": "Her name is Nasima. (নাসীমা যেহেতু মেয়ের নাম , তাই 'তার নাম' বোঝাতে his name হবে না, her name হবে। Nasima is her name বা She is Nasima বললেও ঠিক হবে ।)"
                      },
                      {
                        "description": "",
                        "image1": "",
                        "name": "BCP1-Lesson3 (8)",
                        "text1": "তারা বন্ধু",
                        "text2": "They are friends. (এখানে তারা হয় বন্ধু - ধরে নিয়ে ইংরাজী করতে হবে। তারা বন্ধু হয় - ধরে They friends are করলে ভুল হবে ।)"
                      },
                      {
                        "description": "",
                        "image1": "",
                        "name": "BCP1-Lesson3 (9)",
                        "text1": "এর/এটির নাম লুসি",
                        "text2": "Its name is Lucy. (এর বা এটির বোঝাতে আমরা his, her বা that, this লিখি না। লিখি its - it's নয় কিন্তু । it's হল it is, আর its হল এটির ।)"
                      },
                      {
                        "description": "",
                        "image1": "",
                        "name": "BCP1-Lesson3 (10)",
                        "text1": "এটি একটি কুকুর",
                        "text2": "It is a dog. (মানুষ ছাড়া অন্য প্রানী বা শিশু বা জড় পদার্থের বেলায় আমরা  \"এটির\" ইংরাজী  this  না করে  it করি ।)"
                      },
                      {
                        "description": "",
                        "image1": "",
                        "name": "BCP1-Lesson3 (11)",
                        "text1": "এখানে একটি ছেলে আছে",
                        "text2": "Here is a boy. ('এখানে' ইংরাজী here । এখানে আছে একটি ছেলে - এরকম সাজাও । \"আছে\" ব্যবহার হলেও has কিন্তু হবে না, যেমন a boy has here বা here has a boy হবে না । কারণ, ছেলেটির তো কোন জিনিস নেই যে has হবে, ছেলেটিই আছে ।)"
                      },
                      {
                        "description": "",
                        "image1": "",
                        "name": "BCP1-Lesson3 (12)",
                        "text1": "ছেলেটি এখানে আছে ",
                        "text2": "The boy is here. (এখানে \"ছেলেটি\" আছে, তার মানে নির্দিষ্ট করে বলা হচ্ছে ছেলেটিকে। তাই  the boy হয়েছে, a boy হয়নি । Here is a boy-ও হতে পারে, কিন্তু here has a boy বা a boy has here ভুল । তেমনই The boy is in here বা The boy is at here-ও ভুল ইংরিজি ।)"
                      },
                      {
                        "description": "",
                        "image1": "",
                        "name": "BCP1-Lesson3 (13)",
                        "text1": "এখানে একটি পেন আছে",
                        "text2": "Here is a pen. (একই রকম ভাবে হয়েছে। A pen is here-ও ঠিক হবে । has  ব্যবহার হবে না, কারণ এখানে কারো পেন, এরকম বোঝাচ্ছে না । কিছুর অধিকার বোঝালেই একমাত্র has বা have হবে ।)"
                      },
                      {
                        "description": "",
                        "image1": "",
                        "name": "BCP1-Lesson3 (14)",
                        "text1": "পেনটি এখানে আছে ",
                        "text2": "The pen is here. (আগে বলা নিয়ম মেনে হয়েছে The pen, a pen নয় । has-ও হবে না । তেমনই The boy is in here বা The boy is at here হয় না ।)"
                      },
                      {
                        "description": "",
                        "image1": "",
                        "name": "BCP1-Lesson3 (15)",
                        "text1": "সেখানে একটি ছেলে আছে",
                        "text2": "There is a boy. (A boy is there-ও ঠিক । There has a boy বা a boy has there ভুল । The boy হবে না, কারণ ছেলেটি বলা হয় নি ।)"
                      },
                      {
                        "description": "",
                        "image1": "",
                        "name": "BCP1-Lesson3 (16)",
                        "text1": "সেখানে একটি পেন আছে",
                        "text2": "There is a pen. ('এখানে'  ইংরাজী  here আর 'সেখানে' ইংরাজী there । A pen is there বললেও ঠিক হবে । has হবে না কোনমতেই, কারণ পেনটার কোন অধিকারী এখানে বোঝাচ্ছে না ।)"
                      },
                      {
                        "description": "",
                        "image1": "",
                        "name": "BCP1-Lesson3 (17)",
                        "text1": "পেনটি সেখানে",
                        "text2": "The pen is there. (সাজিয়ে নাও, পেনটি আছে সেখানে । নির্দিষ্ট করে \"পেনটি\" বলা আছে, তাই The pen হল । There is the pen-ও ঠিক । has হবে না অধিকারীর উল্লেখ নেই বলে ।)"
                      },
                      {
                        "description": "",
                        "image1": "",
                        "name": "BCP1-Lesson3 (18)",
                        "text1": "এই অলোক",
                        "text2": "Here is Alok. (সাজিয়ে নাও, এই হয় অলক । এখানে here is-এর ব্যবহার মানে কারোকে কারো সঙ্গে পরিচয় করানো। তাই 'এই হয়' এর ইংরাজী here is । This is Alok-ও চলে । Alok is here বললে পরিচয় করানো হল না ।)"
                      },
                      {
                        "description": "",
                        "image1": "",
                        "name": "BCP1-Lesson3 (19)",
                        "text1": "এটি অলোকের পেন",
                        "text2": "Here is Alok’s pen. (এর ইংরাজী this is  বা it is ও হ'তে পারে । Alok's pen is here বা This pen is Alok's-ও ঠিক হবে, কিন্তু Alok has a pen here প্রয়োগ ঠিক নয়, অলোক পেনের অধিকারী হলেও ।)"
                      },
                      {
                        "description": "",
                        "image1": "",
                        "name": "BCP1-Lesson3 (20)",
                        "text1": "এই আমি",
                        "text2": "Here am I. (এই হই আমি - করে নাও । এখানে  here is I  হবে না । I am here বললেও চলবে, কারণ সেটা \"আমি এখানে\" বোঝায় ।)"
                      },
                      {
                        "description": "",
                        "image1": "",
                        "name": "BCP1-Lesson3 (21)",
                        "text1": "আমি এখানে",
                        "text2": "I am here. (এখানে Here is me-ও হয় । I am here বা Here is me এর প্রয়োগ লক্ষ্যণীয়। যেমন  Here is I  হয় না, তেমনই Me is here-ও হয় না ।)"
                      },
                      {
                        "description": "",
                        "image1": "",
                        "name": "BCP1-Lesson3 (22)",
                        "text1": "তুমি ওখানে",
                        "text2": "There are you. (এভাবে সাজাও - ওখানে হও তুমি বা তুমি হও ওখানে । তাই You are there-ও ঠিক ।)"
                      },
                      {
                        "description": "",
                        "image1": "",
                        "name": "BCP1-Lesson3 (23)",
                        "text1": "এই সে/তিনি ",
                        "text2": "Here is he. (Him হবে না । He is here চলবে ।)"
                      },
                      {
                        "description": "",
                        "image1": "",
                        "name": "BCP1-Lesson3 (24)",
                        "text1": "তিনি এখানে",
                        "text2": "He is here. (Here is he বললেও ভুল হবে না ।)"
                      },
                      {
                        "description": "",
                        "image1": "",
                        "name": "BCP1-Lesson3 (25)",
                        "text1": "আমার খেলনা এখানে",
                        "text2": "My toy is here. (সাজিয়ে নাও, আমার খেলনা আছে এখানে । আমার খেলনা বলে My toy হয়েছে। Here is my toy-ও হতে পারে ।)"
                      },
                      {
                        "description": "",
                        "image1": "",
                        "name": "BCP1-Lesson3 (26)",
                        "text1": "তোমার খেলনা এখানে",
                        "text2": "Your toy is here."
                      },
                      {
                        "description": "",
                        "image1": "",
                        "name": "BCP1-Lesson3 (27)",
                        "text1": "তার খেলনা সেখানে",
                        "text2": "His toy is there. (তার খেলনা  his toy  আমরা এখন জানি ।)"
                      },
                      {
                        "description": "",
                        "image1": "",
                        "name": "BCP1-Lesson3 (28)",
                        "text1": "আমাদের খেলনাগুলো এখানে",
                        "text2": "Our toys are here. (যেহেতু আমাদের খেলনা একের বেশী বা অনেক, তাই toys are হয়েছে ।)"
                      },
                      {
                        "description": "",
                        "image1": "",
                        "name": "BCP1-Lesson3 (29)",
                        "text1": "তাদের  খেলনাগুলো সেখানে",
                        "text2": "Their toys are there. (তাদের খেলনা they toys হবে না, হবে  their toys.)"
                      },
                      {
                        "description": "",
                        "image1": "",
                        "name": "BCP1-Lesson3 (30)",
                        "text1": "এর/এটির খেলনা এখানে",
                        "text2": "Its toy is here. (এর/এটির বোঝাতে its ব্যবহার করা হয়। এখানে it's হয় না, কারণ it's হল it is ।)"
                      }
]
